"","Tank.ID","TTE","A","B","C","D"
"1","C1",0,"","1","",""
"2","C6",4,"","1","",""
"3","C6",7,"","1","",""
"4","C1",19,"","1","",""
"5","C8",19,"","","","1"
"6","C11",20,"","1","",""
"7","C11",20,"","1","",""
"8","C12",20,"","","1",""
"9","C1",21,"","1","",""
"10","C8",21,"","","","1"
"11","C1",22,"","1","",""
"12","C3",22,"","","1",""
"13","C6",22,"","1","",""
"14","C8",22,"","","","1"
"15","C9",23,"1","","",""
"16","C1",24,"","1","",""
"17","C3",24,"","","1",""
"18","C11",24,"","1","",""
"19","C6",25,"","1","",""
"20","C8",25,"","","","1"
"21","C11",25,"","1","",""
"22","C2",26,"1","","",""
"23","C3",26,"","","1",""
"24","C5",26,"","","","1"
"25","C5",26,"","","","1"
"26","C9",26,"1","","",""
"27","C9",26,"1","","",""
"28","C11",26,"","1","",""
"29","C12",26,"","","1",""
"30","C9",26,"1","","",""
"31","C11",26,"","1","",""
"32","C11",26,"","1","",""
"33","C11",26,"","1","",""
"34","C9",26,"1","","",""
"35","C1",27,"","1","",""
"36","C3",27,"","","1",""
"37","C4",27,"","","","1"
"38","C5",27,"","","","1"
"39","C6",27,"","1","",""
"40","C6",27,"","1","",""
"41","C11",27,"","1","",""
"42","C11",27,"","1","",""
"43","C11",27,"","1","",""
"44","C11",27,"","1","",""
"45","C14",27,"1","","",""
"46","C15",27,"","","1",""
"47","C2",27,"1","","",""
"48","C2",27,"1","","",""
"49","C3",27,"","","1",""
"50","C1",27,"","1","",""
"51","C9",27,"1","","",""
"52","C6",28,"","1","",""
"53","C6",28,"","1","",""
"54","C8",28,"","","","1"
"55","C11",28,"","1","",""
"56","C11",28,"","1","",""
"57","C12",28,"","","1",""
"58","C15",28,"","","1",""
"59","C3",28,"","","1",""
"60","C1",29,"","1","",""
"61","C4",29,"","","","1"
"62","C4",29,"","","","1"
"63","C5",29,"","","","1"
"64","C5",29,"","","","1"
"65","C6",29,"","1","",""
"66","C6",29,"","1","",""
"67","C6",29,"","1","",""
"68","C9",29,"1","","",""
"69","C11",29,"","1","",""
"70","C11",29,"","1","",""
"71","C11",29,"","1","",""
"72","C12",29,"","","1",""
"73","C5",29,"","","","1"
"74","C5",29,"","","","1"
"75","C5",29,"","","","1"
"76","C11",29,"","1","",""
"77","C15",29,"","","1",""
"78","C1",30,"","1","",""
"79","C1",30,"","1","",""
"80","C1",30,"","1","",""
"81","C1",30,"","1","",""
"82","C2",30,"1","","",""
"83","C2",30,"1","","",""
"84","C3",30,"","","1",""
"85","C4",30,"","","","1"
"86","C4",30,"","","","1"
"87","C4",30,"","","","1"
"88","C4",30,"","","","1"
"89","C4",30,"","","","1"
"90","C5",30,"","","","1"
"91","C6",30,"","1","",""
"92","C6",30,"","1","",""
"93","C6",30,"","1","",""
"94","C6",30,"","1","",""
"95","C6",30,"","1","",""
"96","C6",30,"","1","",""
"97","C8",30,"","","","1"
"98","C11",30,"","1","",""
"99","C11",30,"","1","",""
"100","C11",30,"","1","",""
"101","C11",30,"","1","",""
"102","C12",30,"","","1",""
"103","C12",30,"","","1",""
"104","C12",30,"","","1",""
"105","C15",30,"","","1",""
"106","C1",30,"","1","",""
"107","C14",30,"1","","",""
"108","C2",31,"1","","",""
"109","C2",31,"1","","",""
"110","C3",31,"","","1",""
"111","C3",31,"","","1",""
"112","C4",31,"","","","1"
"113","C4",31,"","","","1"
"114","C4",31,"","","","1"
"115","C4",31,"","","","1"
"116","C6",31,"","1","",""
"117","C6",31,"","1","",""
"118","C8",31,"","","","1"
"119","C8",31,"","","","1"
"120","C8",31,"","","","1"
"121","C8",31,"","","","1"
"122","C8",31,"","","","1"
"123","C9",31,"1","","",""
"124","C11",31,"","1","",""
"125","C11",31,"","1","",""
"126","C12",31,"","","1",""
"127","C12",31,"","","1",""
"128","C12",31,"","","1",""
"129","C14",31,"1","","",""
"130","C15",31,"","","1",""
"131","C1",31,"","1","",""
"132","C3",31,"","","1",""
"133","C4",31,"","","","1"
"134","C11",31,"","1","",""
"135","C2",32,"1","","",""
"136","C2",32,"1","","",""
"137","C2",32,"1","","",""
"138","C2",32,"1","","",""
"139","C2",32,"1","","",""
"140","C3",32,"","","1",""
"141","C4",32,"","","","1"
"142","C4",32,"","","","1"
"143","C6",32,"","1","",""
"144","C9",32,"1","","",""
"145","C11",32,"","1","",""
"146","C12",32,"","","1",""
"147","C14",32,"1","","",""
"148","C2",32,"1","","",""
"149","C4",32,"","","","1"
"150","C4",32,"","","","1"
"151","C6",32,"","1","",""
"152","C1",33,"","1","",""
"153","C1",33,"","1","",""
"154","C1",33,"","1","",""
"155","C1",33,"","1","",""
"156","C2",33,"1","","",""
"157","C2",33,"1","","",""
"158","C3",33,"","","1",""
"159","C3",33,"","","1",""
"160","C3",33,"","","1",""
"161","C3",33,"","","1",""
"162","C3",33,"","","1",""
"163","C4",33,"","","","1"
"164","C5",33,"","","","1"
"165","C6",33,"","1","",""
"166","C6",33,"","1","",""
"167","C6",33,"","1","",""
"168","C8",33,"","","","1"
"169","C9",33,"1","","",""
"170","C11",33,"","1","",""
"171","C11",33,"","1","",""
"172","C12",33,"","","1",""
"173","C12",33,"","","1",""
"174","C12",33,"","","1",""
"175","C12",33,"","","1",""
"176","C14",33,"1","","",""
"177","C15",33,"","","1",""
"178","C15",33,"","","1",""
"179","C2",33,"1","","",""
"180","C2",33,"1","","",""
"181","C1",34,"","1","",""
"182","C1",34,"","1","",""
"183","C1",34,"","1","",""
"184","C2",34,"1","","",""
"185","C2",34,"1","","",""
"186","C2",34,"1","","",""
"187","C3",34,"","","1",""
"188","C3",34,"","","1",""
"189","C3",34,"","","1",""
"190","C3",34,"","","1",""
"191","C3",34,"","","1",""
"192","C5",34,"","","","1"
"193","C5",34,"","","","1"
"194","C5",34,"","","","1"
"195","C5",34,"","","","1"
"196","C6",34,"","1","",""
"197","C6",34,"","1","",""
"198","C8",34,"","","","1"
"199","C8",34,"","","","1"
"200","C9",34,"1","","",""
"201","C9",34,"1","","",""
"202","C11",34,"","1","",""
"203","C12",34,"","","1",""
"204","C12",34,"","","1",""
"205","C14",34,"1","","",""
"206","C15",34,"","","1",""
"207","C8",34,"","","","1"
"208","C1",35,"","1","",""
"209","C1",35,"","1","",""
"210","C1",35,"","1","",""
"211","C2",35,"1","","",""
"212","C2",35,"1","","",""
"213","C2",35,"1","","",""
"214","C2",35,"1","","",""
"215","C2",35,"1","","",""
"216","C3",35,"","","1",""
"217","C3",35,"","","1",""
"218","C3",35,"","","1",""
"219","C4",35,"","","","1"
"220","C4",35,"","","","1"
"221","C4",35,"","","","1"
"222","C5",35,"","","","1"
"223","C5",35,"","","","1"
"224","C5",35,"","","","1"
"225","C5",35,"","","","1"
"226","C5",35,"","","","1"
"227","C6",35,"","1","",""
"228","C6",35,"","1","",""
"229","C6",35,"","1","",""
"230","C8",35,"","","","1"
"231","C8",35,"","","","1"
"232","C8",35,"","","","1"
"233","C8",35,"","","","1"
"234","C8",35,"","","","1"
"235","C9",35,"1","","",""
"236","C9",35,"1","","",""
"237","C11",35,"","1","",""
"238","C11",35,"","1","",""
"239","C12",35,"","","1",""
"240","C12",35,"","","1",""
"241","C14",35,"1","","",""
"242","C15",35,"","","1",""
"243","C15",35,"","","1",""
"244","C15",35,"","","1",""
"245","C15",35,"","","1",""
"246","C15",35,"","","1",""
"247","C1",36,"","1","",""
"248","C1",36,"","1","",""
"249","C2",36,"1","","",""
"250","C2",36,"1","","",""
"251","C2",36,"1","","",""
"252","C2",36,"1","","",""
"253","C3",36,"","","1",""
"254","C3",36,"","","1",""
"255","C4",36,"","","","1"
"256","C4",36,"","","","1"
"257","C4",36,"","","","1"
"258","C5",36,"","","","1"
"259","C5",36,"","","","1"
"260","C6",36,"","1","",""
"261","C8",36,"","","","1"
"262","C8",36,"","","","1"
"263","C9",36,"1","","",""
"264","C11",36,"","1","",""
"265","C12",36,"","","1",""
"266","C12",36,"","","1",""
"267","C14",36,"1","","",""
"268","C14",36,"1","","",""
"269","C14",36,"1","","",""
"270","C14",36,"1","","",""
"271","C15",36,"","","1",""
"272","C15",36,"","","1",""
"273","C2",36,"1","","",""
"274","C4",36,"","","","1"
"275","C9",36,"1","","",""
"276","C1",37,"","1","",""
"277","C1",37,"","1","",""
"278","C2",37,"1","","",""
"279","C2",37,"1","","",""
"280","C3",37,"","","1",""
"281","C3",37,"","","1",""
"282","C4",37,"","","","1"
"283","C5",37,"","","","1"
"284","C5",37,"","","","1"
"285","C6",37,"","1","",""
"286","C6",37,"","1","",""
"287","C6",37,"","1","",""
"288","C8",37,"","","","1"
"289","C9",37,"1","","",""
"290","C9",37,"1","","",""
"291","C12",37,"","","1",""
"292","C12",37,"","","1",""
"293","C14",37,"1","","",""
"294","C14",37,"1","","",""
"295","C14",37,"1","","",""
"296","C14",37,"1","","",""
"297","C15",37,"","","1",""
"298","C15",37,"","","1",""
"299","C11",37,"","1","",""
"300","C1",38,"","1","",""
"301","C2",38,"1","","",""
"302","C3",38,"","","1",""
"303","C4",38,"","","","1"
"304","C4",38,"","","","1"
"305","C5",38,"","","","1"
"306","C6",38,"","1","",""
"307","C8",38,"","","","1"
"308","C14",38,"1","","",""
"309","C14",38,"1","","",""
"310","C15",38,"","","1",""
"311","C15",38,"","","1",""
"312","C4",38,"","","","1"
"313","C8",38,"","","","1"
"314","C8",38,"","","","1"
"315","C11",38,"","1","",""
"316","C15",38,"","","1",""
"317","C5",39,"","","","1"
"318","C8",39,"","","","1"
"319","C8",39,"","","","1"
"320","C8",39,"","","","1"
"321","C12",39,"","","1",""
"322","C14",39,"1","","",""
"323","C14",39,"1","","",""
"324","C15",39,"","","1",""
"325","C2",39,"1","","",""
"326","C3",39,"","","1",""
"327","C8",39,"","","","1"
"328","C14",39,"1","","",""
"329","C2",40,"1","","",""
"330","C2",40,"1","","",""
"331","C4",40,"","","","1"
"332","C8",40,"","","","1"
"333","C9",40,"1","","",""
"334","C14",40,"1","","",""
"335","C14",40,"1","","",""
"336","C15",40,"","","1",""
"337","C1",40,"","1","",""
"338","C1",40,"","1","",""
"339","C9",40,"1","","",""
"340","C11",40,"","1","",""
"341","C1",41,"","1","",""
"342","C1",41,"","1","",""
"343","C12",41,"","","1",""
"344","C12",41,"","","1",""
"345","C14",41,"1","","",""
"346","C14",41,"1","","",""
"347","C15",41,"","","1",""
"348","C1",42,"","1","",""
"349","C8",42,"","","","1"
"350","C1",43,"","1","",""
"351","C1",43,"","1","",""
"352","C9",43,"1","","",""
"353","C14",43,"1","","",""
"354","C15",43,"","","1",""
"355","C11",43,"","1","",""
"356","C9",44,"1","","",""
"357","C9",44,"1","","",""
"358","C12",44,"","","1",""
"359","C4",45,"","","","1"
"360","C4",45,"","","","1"
"361","C9",45,"1","","",""
"362","C15",45,"","","1",""
"363","C15",45,"","","1",""
"364","C9",45,"1","","",""
"365","C14",45,"1","","",""
"366","C14",45,"1","","",""
"367","C14",45,"1","","",""
"368","C15",45,"","","1",""
"369","C9",45,"1","","",""
"370","C4",46,"","","","1"
"371","C9",46,"1","","",""
"372","C2",47,"1","","",""
"373","C4",47,"","","","1"
"374","C5",47,"","","","1"
"375","C14",47,"1","","",""
"376","C14",47,"1","","",""
"377","C14",47,"1","","",""
"378","C2",48,"1","","",""
"379","C4",48,"","","","1"
"380","C6",48,"","1","",""
"381","C8",48,"","","","1"
"382","C9",48,"1","","",""
"383","C9",48,"1","","",""
"384","C9",48,"1","","",""
"385","C14",48,"1","","",""
"386","C14",48,"1","","",""
"387","C15",48,"","","1",""
"388","C1",49,"","1","",""
"389","C9",49,"1","","",""
"390","C9",49,"1","","",""
"391","C14",49,"1","","",""
"392","C15",49,"","","1",""
"393","C15",49,"","","1",""
"394","C9",50,"1","","",""
"395","C14",50,"1","","",""
"396","C3",51,"","","1",""
"397","C5",51,"","","","1"
"398","C2",54,"1","","",""
"399","C8",54,"","","","1"
"400","C14",54,"0","","",""
"401","C14",54,"0","","",""
"402","C14",54,"0","","",""
"403","C14",54,"0","","",""
"404","C14",54,"0","","",""
"405","C14",54,"0","","",""
"406","C14",54,"0","","",""
"407","C14",54,"0","","",""
"408","C14",54,"0","","",""
"409","C14",54,"0","","",""
"410","C14",54,"0","","",""
"411","C14",54,"0","","",""
"412","C14",54,"0","","",""
"413","C14",54,"0","","",""
"414","C14",54,"0","","",""
"415","C14",54,"0","","",""
"416","C14",54,"0","","",""
"417","C14",54,"0","","",""
"418","C14",54,"0","","",""
"419","C14",54,"0","","",""
"420","C14",54,"0","","",""
"421","C14",54,"0","","",""
"422","C14",54,"0","","",""
"423","C14",54,"0","","",""
"424","C14",54,"0","","",""
"425","C14",54,"0","","",""
"426","C14",54,"0","","",""
"427","C14",54,"0","","",""
"428","C14",54,"0","","",""
"429","C14",54,"0","","",""
"430","C14",54,"0","","",""
"431","C14",54,"0","","",""
"432","C14",54,"0","","",""
"433","C14",54,"0","","",""
"434","C14",54,"0","","",""
"435","C14",54,"0","","",""
"436","C14",54,"0","","",""
"437","C14",54,"0","","",""
"438","C14",54,"0","","",""
"439","C14",54,"0","","",""
"440","C14",54,"0","","",""
"441","C14",54,"0","","",""
"442","C14",54,"0","","",""
"443","C14",54,"0","","",""
"444","C14",54,"0","","",""
"445","C14",54,"0","","",""
"446","C14",54,"0","","",""
"447","C14",54,"0","","",""
"448","C14",54,"0","","",""
"449","C14",54,"0","","",""
"450","C14",54,"0","","",""
"451","C14",54,"0","","",""
"452","C14",54,"0","","",""
"453","C14",54,"0","","",""
"454","C14",54,"0","","",""
"455","C14",54,"0","","",""
"456","C14",54,"0","","",""
"457","C14",54,"0","","",""
"458","C14",54,"0","","",""
"459","C14",54,"0","","",""
"460","C14",54,"0","","",""
"461","C14",54,"0","","",""
"462","C14",54,"0","","",""
"463","C14",54,"0","","",""
"464","C14",54,"0","","",""
"465","C2",54,"0","","",""
"466","C2",54,"0","","",""
"467","C2",54,"0","","",""
"468","C2",54,"0","","",""
"469","C2",54,"0","","",""
"470","C2",54,"0","","",""
"471","C2",54,"0","","",""
"472","C2",54,"0","","",""
"473","C2",54,"0","","",""
"474","C2",54,"0","","",""
"475","C2",54,"0","","",""
"476","C2",54,"0","","",""
"477","C2",54,"0","","",""
"478","C2",54,"0","","",""
"479","C2",54,"0","","",""
"480","C2",54,"0","","",""
"481","C2",54,"0","","",""
"482","C2",54,"0","","",""
"483","C2",54,"0","","",""
"484","C2",54,"0","","",""
"485","C2",54,"0","","",""
"486","C2",54,"0","","",""
"487","C2",54,"0","","",""
"488","C2",54,"0","","",""
"489","C2",54,"0","","",""
"490","C2",54,"0","","",""
"491","C2",54,"0","","",""
"492","C2",54,"0","","",""
"493","C2",54,"0","","",""
"494","C2",54,"0","","",""
"495","C2",54,"0","","",""
"496","C2",54,"0","","",""
"497","C2",54,"0","","",""
"498","C2",54,"0","","",""
"499","C2",54,"0","","",""
"500","C2",54,"0","","",""
"501","C2",54,"0","","",""
"502","C2",54,"0","","",""
"503","C2",54,"0","","",""
"504","C2",54,"0","","",""
"505","C2",54,"0","","",""
"506","C2",54,"0","","",""
"507","C2",54,"0","","",""
"508","C2",54,"0","","",""
"509","C2",54,"0","","",""
"510","C2",54,"0","","",""
"511","C2",54,"0","","",""
"512","C2",54,"0","","",""
"513","C2",54,"0","","",""
"514","C2",54,"0","","",""
"515","C2",54,"0","","",""
"516","C2",54,"0","","",""
"517","C2",54,"0","","",""
"518","C2",54,"0","","",""
"519","C2",54,"0","","",""
"520","C2",54,"0","","",""
"521","C2",54,"0","","",""
"522","C2",54,"0","","",""
"523","C2",54,"0","","",""
"524","C2",54,"0","","",""
"525","C2",54,"0","","",""
"526","C9",54,"0","","",""
"527","C9",54,"0","","",""
"528","C9",54,"0","","",""
"529","C9",54,"0","","",""
"530","C9",54,"0","","",""
"531","C9",54,"0","","",""
"532","C9",54,"0","","",""
"533","C9",54,"0","","",""
"534","C9",54,"0","","",""
"535","C9",54,"0","","",""
"536","C9",54,"0","","",""
"537","C9",54,"0","","",""
"538","C9",54,"0","","",""
"539","C9",54,"0","","",""
"540","C9",54,"0","","",""
"541","C9",54,"0","","",""
"542","C9",54,"0","","",""
"543","C9",54,"0","","",""
"544","C9",54,"0","","",""
"545","C9",54,"0","","",""
"546","C9",54,"0","","",""
"547","C9",54,"0","","",""
"548","C9",54,"0","","",""
"549","C9",54,"0","","",""
"550","C9",54,"0","","",""
"551","C9",54,"0","","",""
"552","C9",54,"0","","",""
"553","C9",54,"0","","",""
"554","C9",54,"0","","",""
"555","C9",54,"0","","",""
"556","C9",54,"0","","",""
"557","C9",54,"0","","",""
"558","C9",54,"0","","",""
"559","C9",54,"0","","",""
"560","C9",54,"0","","",""
"561","C9",54,"0","","",""
"562","C9",54,"0","","",""
"563","C9",54,"0","","",""
"564","C9",54,"0","","",""
"565","C9",54,"0","","",""
"566","C9",54,"0","","",""
"567","C9",54,"0","","",""
"568","C9",54,"0","","",""
"569","C9",54,"0","","",""
"570","C9",54,"0","","",""
"571","C9",54,"0","","",""
"572","C9",54,"0","","",""
"573","C9",54,"0","","",""
"574","C9",54,"0","","",""
"575","C9",54,"0","","",""
"576","C9",54,"0","","",""
"577","C9",54,"0","","",""
"578","C9",54,"0","","",""
"579","C9",54,"0","","",""
"580","C9",54,"0","","",""
"581","C9",54,"0","","",""
"582","C9",54,"0","","",""
"583","C9",54,"0","","",""
"584","C9",54,"0","","",""
"585","C9",54,"0","","",""
"586","C9",54,"0","","",""
"587","C9",54,"0","","",""
"588","C9",54,"0","","",""
"589","C9",54,"0","","",""
"590","C9",54,"0","","",""
"591","C9",54,"0","","",""
"592","C9",54,"0","","",""
"593","C1",54,"","0","",""
"594","C1",54,"","0","",""
"595","C1",54,"","0","",""
"596","C1",54,"","0","",""
"597","C1",54,"","0","",""
"598","C1",54,"","0","",""
"599","C1",54,"","0","",""
"600","C1",54,"","0","",""
"601","C1",54,"","0","",""
"602","C1",54,"","0","",""
"603","C1",54,"","0","",""
"604","C1",54,"","0","",""
"605","C1",54,"","0","",""
"606","C1",54,"","0","",""
"607","C1",54,"","0","",""
"608","C1",54,"","0","",""
"609","C1",54,"","0","",""
"610","C1",54,"","0","",""
"611","C1",54,"","0","",""
"612","C1",54,"","0","",""
"613","C1",54,"","0","",""
"614","C1",54,"","0","",""
"615","C1",54,"","0","",""
"616","C1",54,"","0","",""
"617","C1",54,"","0","",""
"618","C1",54,"","0","",""
"619","C1",54,"","0","",""
"620","C1",54,"","0","",""
"621","C1",54,"","0","",""
"622","C1",54,"","0","",""
"623","C1",54,"","0","",""
"624","C1",54,"","0","",""
"625","C1",54,"","0","",""
"626","C1",54,"","0","",""
"627","C1",54,"","0","",""
"628","C1",54,"","0","",""
"629","C1",54,"","0","",""
"630","C1",54,"","0","",""
"631","C1",54,"","0","",""
"632","C1",54,"","0","",""
"633","C1",54,"","0","",""
"634","C1",54,"","0","",""
"635","C1",54,"","0","",""
"636","C1",54,"","0","",""
"637","C1",54,"","0","",""
"638","C1",54,"","0","",""
"639","C1",54,"","0","",""
"640","C1",54,"","0","",""
"641","C1",54,"","0","",""
"642","C1",54,"","0","",""
"643","C1",54,"","0","",""
"644","C1",54,"","0","",""
"645","C1",54,"","0","",""
"646","C1",54,"","0","",""
"647","C1",54,"","0","",""
"648","C1",54,"","0","",""
"649","C1",54,"","0","",""
"650","C1",54,"","0","",""
"651","C1",54,"","0","",""
"652","C1",54,"","0","",""
"653","C1",54,"","0","",""
"654","C1",54,"","0","",""
"655","C1",54,"","0","",""
"656","C11",54,"","0","",""
"657","C11",54,"","0","",""
"658","C11",54,"","0","",""
"659","C11",54,"","0","",""
"660","C11",54,"","0","",""
"661","C11",54,"","0","",""
"662","C11",54,"","0","",""
"663","C11",54,"","0","",""
"664","C11",54,"","0","",""
"665","C11",54,"","0","",""
"666","C11",54,"","0","",""
"667","C11",54,"","0","",""
"668","C11",54,"","0","",""
"669","C11",54,"","0","",""
"670","C11",54,"","0","",""
"671","C11",54,"","0","",""
"672","C11",54,"","0","",""
"673","C11",54,"","0","",""
"674","C11",54,"","0","",""
"675","C11",54,"","0","",""
"676","C11",54,"","0","",""
"677","C11",54,"","0","",""
"678","C11",54,"","0","",""
"679","C11",54,"","0","",""
"680","C11",54,"","0","",""
"681","C11",54,"","0","",""
"682","C11",54,"","0","",""
"683","C11",54,"","0","",""
"684","C11",54,"","0","",""
"685","C11",54,"","0","",""
"686","C11",54,"","0","",""
"687","C11",54,"","0","",""
"688","C11",54,"","0","",""
"689","C11",54,"","0","",""
"690","C11",54,"","0","",""
"691","C11",54,"","0","",""
"692","C11",54,"","0","",""
"693","C11",54,"","0","",""
"694","C11",54,"","0","",""
"695","C11",54,"","0","",""
"696","C11",54,"","0","",""
"697","C11",54,"","0","",""
"698","C11",54,"","0","",""
"699","C11",54,"","0","",""
"700","C11",54,"","0","",""
"701","C11",54,"","0","",""
"702","C11",54,"","0","",""
"703","C11",54,"","0","",""
"704","C11",54,"","0","",""
"705","C11",54,"","0","",""
"706","C11",54,"","0","",""
"707","C11",54,"","0","",""
"708","C11",54,"","0","",""
"709","C11",54,"","0","",""
"710","C11",54,"","0","",""
"711","C11",54,"","0","",""
"712","C11",54,"","0","",""
"713","C11",54,"","0","",""
"714","C11",54,"","0","",""
"715","C11",54,"","0","",""
"716","C11",54,"","0","",""
"717","C11",54,"","0","",""
"718","C11",54,"","0","",""
"719","C11",54,"","0","",""
"720","C6",54,"","0","",""
"721","C6",54,"","0","",""
"722","C6",54,"","0","",""
"723","C6",54,"","0","",""
"724","C6",54,"","0","",""
"725","C6",54,"","0","",""
"726","C6",54,"","0","",""
"727","C6",54,"","0","",""
"728","C6",54,"","0","",""
"729","C6",54,"","0","",""
"730","C6",54,"","0","",""
"731","C6",54,"","0","",""
"732","C6",54,"","0","",""
"733","C6",54,"","0","",""
"734","C6",54,"","0","",""
"735","C6",54,"","0","",""
"736","C6",54,"","0","",""
"737","C6",54,"","0","",""
"738","C6",54,"","0","",""
"739","C6",54,"","0","",""
"740","C6",54,"","0","",""
"741","C6",54,"","0","",""
"742","C6",54,"","0","",""
"743","C6",54,"","0","",""
"744","C6",54,"","0","",""
"745","C6",54,"","0","",""
"746","C6",54,"","0","",""
"747","C6",54,"","0","",""
"748","C6",54,"","0","",""
"749","C6",54,"","0","",""
"750","C6",54,"","0","",""
"751","C6",54,"","0","",""
"752","C6",54,"","0","",""
"753","C6",54,"","0","",""
"754","C6",54,"","0","",""
"755","C6",54,"","0","",""
"756","C6",54,"","0","",""
"757","C6",54,"","0","",""
"758","C6",54,"","0","",""
"759","C6",54,"","0","",""
"760","C6",54,"","0","",""
"761","C6",54,"","0","",""
"762","C6",54,"","0","",""
"763","C6",54,"","0","",""
"764","C6",54,"","0","",""
"765","C6",54,"","0","",""
"766","C6",54,"","0","",""
"767","C6",54,"","0","",""
"768","C6",54,"","0","",""
"769","C6",54,"","0","",""
"770","C6",54,"","0","",""
"771","C6",54,"","0","",""
"772","C6",54,"","0","",""
"773","C6",54,"","0","",""
"774","C6",54,"","0","",""
"775","C6",54,"","0","",""
"776","C6",54,"","0","",""
"777","C6",54,"","0","",""
"778","C6",54,"","0","",""
"779","C6",54,"","0","",""
"780","C6",54,"","0","",""
"781","C6",54,"","0","",""
"782","C6",54,"","0","",""
"783","C6",54,"","0","",""
"784","C6",54,"","0","",""
"785","C12",54,"","","0",""
"786","C12",54,"","","0",""
"787","C12",54,"","","0",""
"788","C12",54,"","","0",""
"789","C12",54,"","","0",""
"790","C12",54,"","","0",""
"791","C12",54,"","","0",""
"792","C12",54,"","","0",""
"793","C12",54,"","","0",""
"794","C12",54,"","","0",""
"795","C12",54,"","","0",""
"796","C12",54,"","","0",""
"797","C12",54,"","","0",""
"798","C12",54,"","","0",""
"799","C12",54,"","","0",""
"800","C12",54,"","","0",""
"801","C12",54,"","","0",""
"802","C12",54,"","","0",""
"803","C12",54,"","","0",""
"804","C12",54,"","","0",""
"805","C12",54,"","","0",""
"806","C12",54,"","","0",""
"807","C12",54,"","","0",""
"808","C12",54,"","","0",""
"809","C12",54,"","","0",""
"810","C12",54,"","","0",""
"811","C12",54,"","","0",""
"812","C12",54,"","","0",""
"813","C12",54,"","","0",""
"814","C12",54,"","","0",""
"815","C12",54,"","","0",""
"816","C12",54,"","","0",""
"817","C12",54,"","","0",""
"818","C12",54,"","","0",""
"819","C12",54,"","","0",""
"820","C12",54,"","","0",""
"821","C12",54,"","","0",""
"822","C12",54,"","","0",""
"823","C12",54,"","","0",""
"824","C12",54,"","","0",""
"825","C12",54,"","","0",""
"826","C12",54,"","","0",""
"827","C12",54,"","","0",""
"828","C12",54,"","","0",""
"829","C12",54,"","","0",""
"830","C12",54,"","","0",""
"831","C12",54,"","","0",""
"832","C12",54,"","","0",""
"833","C12",54,"","","0",""
"834","C12",54,"","","0",""
"835","C12",54,"","","0",""
"836","C12",54,"","","0",""
"837","C12",54,"","","0",""
"838","C12",54,"","","0",""
"839","C12",54,"","","0",""
"840","C12",54,"","","0",""
"841","C12",54,"","","0",""
"842","C12",54,"","","0",""
"843","C12",54,"","","0",""
"844","C12",54,"","","0",""
"845","C12",54,"","","0",""
"846","C12",54,"","","0",""
"847","C12",54,"","","0",""
"848","C12",54,"","","0",""
"849","C12",54,"","","0",""
"850","C12",54,"","","0",""
"851","C12",54,"","","0",""
"852","C12",54,"","","0",""
"853","C12",54,"","","0",""
"854","C12",54,"","","0",""
"855","C12",54,"","","0",""
"856","C12",54,"","","0",""
"857","C12",54,"","","0",""
"858","C15",54,"","","0",""
"859","C15",54,"","","0",""
"860","C15",54,"","","0",""
"861","C15",54,"","","0",""
"862","C15",54,"","","0",""
"863","C15",54,"","","0",""
"864","C15",54,"","","0",""
"865","C15",54,"","","0",""
"866","C15",54,"","","0",""
"867","C15",54,"","","0",""
"868","C15",54,"","","0",""
"869","C15",54,"","","0",""
"870","C15",54,"","","0",""
"871","C15",54,"","","0",""
"872","C15",54,"","","0",""
"873","C15",54,"","","0",""
"874","C15",54,"","","0",""
"875","C15",54,"","","0",""
"876","C15",54,"","","0",""
"877","C15",54,"","","0",""
"878","C15",54,"","","0",""
"879","C15",54,"","","0",""
"880","C15",54,"","","0",""
"881","C15",54,"","","0",""
"882","C15",54,"","","0",""
"883","C15",54,"","","0",""
"884","C15",54,"","","0",""
"885","C15",54,"","","0",""
"886","C15",54,"","","0",""
"887","C15",54,"","","0",""
"888","C15",54,"","","0",""
"889","C15",54,"","","0",""
"890","C15",54,"","","0",""
"891","C15",54,"","","0",""
"892","C15",54,"","","0",""
"893","C15",54,"","","0",""
"894","C15",54,"","","0",""
"895","C15",54,"","","0",""
"896","C15",54,"","","0",""
"897","C15",54,"","","0",""
"898","C15",54,"","","0",""
"899","C15",54,"","","0",""
"900","C15",54,"","","0",""
"901","C15",54,"","","0",""
"902","C15",54,"","","0",""
"903","C15",54,"","","0",""
"904","C15",54,"","","0",""
"905","C15",54,"","","0",""
"906","C15",54,"","","0",""
"907","C15",54,"","","0",""
"908","C15",54,"","","0",""
"909","C15",54,"","","0",""
"910","C15",54,"","","0",""
"911","C15",54,"","","0",""
"912","C15",54,"","","0",""
"913","C15",54,"","","0",""
"914","C15",54,"","","0",""
"915","C15",54,"","","0",""
"916","C15",54,"","","0",""
"917","C15",54,"","","0",""
"918","C15",54,"","","0",""
"919","C15",54,"","","0",""
"920","C15",54,"","","0",""
"921","C15",54,"","","0",""
"922","C15",54,"","","0",""
"923","C15",54,"","","0",""
"924","C15",54,"","","0",""
"925","C15",54,"","","0",""
"926","C15",54,"","","0",""
"927","C15",54,"","","0",""
"928","C3",54,"","","0",""
"929","C3",54,"","","0",""
"930","C3",54,"","","0",""
"931","C3",54,"","","0",""
"932","C3",54,"","","0",""
"933","C3",54,"","","0",""
"934","C3",54,"","","0",""
"935","C3",54,"","","0",""
"936","C3",54,"","","0",""
"937","C3",54,"","","0",""
"938","C3",54,"","","0",""
"939","C3",54,"","","0",""
"940","C3",54,"","","0",""
"941","C3",54,"","","0",""
"942","C3",54,"","","0",""
"943","C3",54,"","","0",""
"944","C3",54,"","","0",""
"945","C3",54,"","","0",""
"946","C3",54,"","","0",""
"947","C3",54,"","","0",""
"948","C3",54,"","","0",""
"949","C3",54,"","","0",""
"950","C3",54,"","","0",""
"951","C3",54,"","","0",""
"952","C3",54,"","","0",""
"953","C3",54,"","","0",""
"954","C3",54,"","","0",""
"955","C3",54,"","","0",""
"956","C3",54,"","","0",""
"957","C3",54,"","","0",""
"958","C3",54,"","","0",""
"959","C3",54,"","","0",""
"960","C3",54,"","","0",""
"961","C3",54,"","","0",""
"962","C3",54,"","","0",""
"963","C3",54,"","","0",""
"964","C3",54,"","","0",""
"965","C3",54,"","","0",""
"966","C3",54,"","","0",""
"967","C3",54,"","","0",""
"968","C3",54,"","","0",""
"969","C3",54,"","","0",""
"970","C3",54,"","","0",""
"971","C3",54,"","","0",""
"972","C3",54,"","","0",""
"973","C3",54,"","","0",""
"974","C3",54,"","","0",""
"975","C3",54,"","","0",""
"976","C3",54,"","","0",""
"977","C3",54,"","","0",""
"978","C3",54,"","","0",""
"979","C3",54,"","","0",""
"980","C3",54,"","","0",""
"981","C3",54,"","","0",""
"982","C3",54,"","","0",""
"983","C3",54,"","","0",""
"984","C3",54,"","","0",""
"985","C3",54,"","","0",""
"986","C3",54,"","","0",""
"987","C3",54,"","","0",""
"988","C3",54,"","","0",""
"989","C3",54,"","","0",""
"990","C3",54,"","","0",""
"991","C3",54,"","","0",""
"992","C3",54,"","","0",""
"993","C3",54,"","","0",""
"994","C3",54,"","","0",""
"995","C3",54,"","","0",""
"996","C3",54,"","","0",""
"997","C4",54,"","","","0"
"998","C4",54,"","","","0"
"999","C4",54,"","","","0"
"1000","C4",54,"","","","0"
"1001","C4",54,"","","","0"
"1002","C4",54,"","","","0"
"1003","C4",54,"","","","0"
"1004","C4",54,"","","","0"
"1005","C4",54,"","","","0"
"1006","C4",54,"","","","0"
"1007","C4",54,"","","","0"
"1008","C4",54,"","","","0"
"1009","C4",54,"","","","0"
"1010","C4",54,"","","","0"
"1011","C4",54,"","","","0"
"1012","C4",54,"","","","0"
"1013","C4",54,"","","","0"
"1014","C4",54,"","","","0"
"1015","C4",54,"","","","0"
"1016","C4",54,"","","","0"
"1017","C4",54,"","","","0"
"1018","C4",54,"","","","0"
"1019","C4",54,"","","","0"
"1020","C4",54,"","","","0"
"1021","C4",54,"","","","0"
"1022","C4",54,"","","","0"
"1023","C4",54,"","","","0"
"1024","C4",54,"","","","0"
"1025","C4",54,"","","","0"
"1026","C4",54,"","","","0"
"1027","C4",54,"","","","0"
"1028","C4",54,"","","","0"
"1029","C4",54,"","","","0"
"1030","C4",54,"","","","0"
"1031","C4",54,"","","","0"
"1032","C4",54,"","","","0"
"1033","C4",54,"","","","0"
"1034","C4",54,"","","","0"
"1035","C4",54,"","","","0"
"1036","C4",54,"","","","0"
"1037","C4",54,"","","","0"
"1038","C4",54,"","","","0"
"1039","C4",54,"","","","0"
"1040","C4",54,"","","","0"
"1041","C4",54,"","","","0"
"1042","C4",54,"","","","0"
"1043","C4",54,"","","","0"
"1044","C4",54,"","","","0"
"1045","C4",54,"","","","0"
"1046","C4",54,"","","","0"
"1047","C4",54,"","","","0"
"1048","C4",54,"","","","0"
"1049","C4",54,"","","","0"
"1050","C4",54,"","","","0"
"1051","C4",54,"","","","0"
"1052","C4",54,"","","","0"
"1053","C4",54,"","","","0"
"1054","C4",54,"","","","0"
"1055","C4",54,"","","","0"
"1056","C4",54,"","","","0"
"1057","C4",54,"","","","0"
"1058","C4",54,"","","","0"
"1059","C4",54,"","","","0"
"1060","C4",54,"","","","0"
"1061","C4",54,"","","","0"
"1062","C5",54,"","","","0"
"1063","C5",54,"","","","0"
"1064","C5",54,"","","","0"
"1065","C5",54,"","","","0"
"1066","C5",54,"","","","0"
"1067","C5",54,"","","","0"
"1068","C5",54,"","","","0"
"1069","C5",54,"","","","0"
"1070","C5",54,"","","","0"
"1071","C5",54,"","","","0"
"1072","C5",54,"","","","0"
"1073","C5",54,"","","","0"
"1074","C5",54,"","","","0"
"1075","C5",54,"","","","0"
"1076","C5",54,"","","","0"
"1077","C5",54,"","","","0"
"1078","C5",54,"","","","0"
"1079","C5",54,"","","","0"
"1080","C5",54,"","","","0"
"1081","C5",54,"","","","0"
"1082","C5",54,"","","","0"
"1083","C5",54,"","","","0"
"1084","C5",54,"","","","0"
"1085","C5",54,"","","","0"
"1086","C5",54,"","","","0"
"1087","C5",54,"","","","0"
"1088","C5",54,"","","","0"
"1089","C5",54,"","","","0"
"1090","C5",54,"","","","0"
"1091","C5",54,"","","","0"
"1092","C5",54,"","","","0"
"1093","C5",54,"","","","0"
"1094","C5",54,"","","","0"
"1095","C5",54,"","","","0"
"1096","C5",54,"","","","0"
"1097","C5",54,"","","","0"
"1098","C5",54,"","","","0"
"1099","C5",54,"","","","0"
"1100","C5",54,"","","","0"
"1101","C5",54,"","","","0"
"1102","C5",54,"","","","0"
"1103","C5",54,"","","","0"
"1104","C5",54,"","","","0"
"1105","C5",54,"","","","0"
"1106","C5",54,"","","","0"
"1107","C5",54,"","","","0"
"1108","C5",54,"","","","0"
"1109","C5",54,"","","","0"
"1110","C5",54,"","","","0"
"1111","C5",54,"","","","0"
"1112","C5",54,"","","","0"
"1113","C5",54,"","","","0"
"1114","C5",54,"","","","0"
"1115","C5",54,"","","","0"
"1116","C5",54,"","","","0"
"1117","C5",54,"","","","0"
"1118","C5",54,"","","","0"
"1119","C5",54,"","","","0"
"1120","C5",54,"","","","0"
"1121","C5",54,"","","","0"
"1122","C5",54,"","","","0"
"1123","C5",54,"","","","0"
"1124","C5",54,"","","","0"
"1125","C5",54,"","","","0"
"1126","C5",54,"","","","0"
"1127","C5",54,"","","","0"
"1128","C5",54,"","","","0"
"1129","C5",54,"","","","0"
"1130","C5",54,"","","","0"
"1131","C5",54,"","","","0"
"1132","C5",54,"","","","0"
"1133","C5",54,"","","","0"
"1134","C5",54,"","","","0"
"1135","C8",54,"","","","0"
"1136","C8",54,"","","","0"
"1137","C8",54,"","","","0"
"1138","C8",54,"","","","0"
"1139","C8",54,"","","","0"
"1140","C8",54,"","","","0"
"1141","C8",54,"","","","0"
"1142","C8",54,"","","","0"
"1143","C8",54,"","","","0"
"1144","C8",54,"","","","0"
"1145","C8",54,"","","","0"
"1146","C8",54,"","","","0"
"1147","C8",54,"","","","0"
"1148","C8",54,"","","","0"
"1149","C8",54,"","","","0"
"1150","C8",54,"","","","0"
"1151","C8",54,"","","","0"
"1152","C8",54,"","","","0"
"1153","C8",54,"","","","0"
"1154","C8",54,"","","","0"
"1155","C8",54,"","","","0"
"1156","C8",54,"","","","0"
"1157","C8",54,"","","","0"
"1158","C8",54,"","","","0"
"1159","C8",54,"","","","0"
"1160","C8",54,"","","","0"
"1161","C8",54,"","","","0"
"1162","C8",54,"","","","0"
"1163","C8",54,"","","","0"
"1164","C8",54,"","","","0"
"1165","C8",54,"","","","0"
"1166","C8",54,"","","","0"
"1167","C8",54,"","","","0"
"1168","C8",54,"","","","0"
"1169","C8",54,"","","","0"
"1170","C8",54,"","","","0"
"1171","C8",54,"","","","0"
"1172","C8",54,"","","","0"
"1173","C8",54,"","","","0"
"1174","C8",54,"","","","0"
"1175","C8",54,"","","","0"
"1176","C8",54,"","","","0"
"1177","C8",54,"","","","0"
"1178","C8",54,"","","","0"
"1179","C8",54,"","","","0"
"1180","C8",54,"","","","0"
"1181","C8",54,"","","","0"
"1182","C8",54,"","","","0"
"1183","C8",54,"","","","0"
"1184","C8",54,"","","","0"
"1185","C8",54,"","","","0"
"1186","C8",54,"","","","0"
"1187","C8",54,"","","","0"
"1188","C8",54,"","","","0"
"1189","C8",54,"","","","0"
"1190","C8",54,"","","","0"
"1191","C8",54,"","","","0"
"1192","C8",54,"","","","0"
"1193","C8",54,"","","","0"
"1194","C8",54,"","","","0"
"1195","C8",54,"","","","0"
"1196","C8",54,"","","","0"
"1197","C8",54,"","","","0"
"1198","C8",54,"","","","0"
"1199","C8",54,"","","","0"
"1200","C8",54,"","","","0"
